Name,Age
Robert Martinez,73
Angela Santiago,91
Jorge Rice,61
Anna Miller,61
Michelle Wilkinson,67
Robert Ray,80
Melanie Martinez,76
Chase Matthews,96
Victor Harper,98
Mrs. Michelle Davis,53
Jason Vazquez,90
Bianca Hayden,87
Alicia Lozano,69
Tracey Rice,92
Jessica Flynn,73
Gerald Hayes,78
Laura Gallagher,66
Christine Dorsey,85
Rebecca Williams,50
Paul Watts,84
Trevor Smith,80
Amanda Smith,76
Frank Edwards,91
Paula Dickerson,84
Douglas Woods,90
David Miller,57
David Baird,89
Alexander Moore,92
Bradley Marquez,81
Nicholas Carney,97
Theresa Martinez,90
Jason Leach MD,88
Tammy Wilkerson,68
Jessica Farrell,92
Ashley Franklin,61
Ryan Smith,62
Tina Fowler,86
Samantha Blackburn,74
Paula Barajas,96
Daniel Ferguson,76
Nathan Russell,83
Brittany Cooper,50
Jonathon Harris,95
Justin Lucero,68
Phillip Washington,76
Carla Roy,76
Jennifer Wolfe,53
Elizabeth Fischer,86
James Richardson,67
Thomas Garrett,70
Casey Wong,92
Andrea Hawkins,58
Jennifer Hernandez,51
Heather Morris,80
Dr. Christopher Doyle,59
Spencer Gomez,87
Michael Price,87
William Diaz,56
Christy Williams,93
John Gonzalez,78
William Fox,59
Steve Fuentes,56
Brenda Kelly,99
Jose Davis,51
Jessica Osborn,72
David Gomez,53
Frank Cantrell,65
Alan Sawyer,100
Jack Torres,65
Kayla Clark,71
Tricia Kim,59
Debra Johnson,82
Matthew Lynch,76
Samantha Scott,57
Tyler Ramirez,89
Sarah Irwin,63
Nancy Sweeney,99
Joseph Clarke,70
Patrick Ayala,72
Courtney Juarez,56
George Evans,84
Mrs. Emily Perez DDS,54
Alexander Reyes,65
David Braun,57
Donna George,94
Laura Martin,74
Vicki Gutierrez,63
David Fernandez,69
Brett Rice,79
Mrs. Jessica West,50
Jack Ashley PhD,56
Cory Howard,52
Eric Burnett,57
Christopher Jones,83
Lori Davenport,92
Jason Doyle,53
Devon Mclaughlin,60
Rachel Andersen,78
Darren Brown,55
